,Movies,Release_year,Movie_length,Rating,Metascore,Votes,Gross_earning(Mil)
0,Shang-Chi and the Legend of the Ten Rings,2021,132,8.0,71.0,40700,
1,Shershaah,2021,135,8.8,,95420,
2,Once Upon a Time... In Hollywood,2019,161,7.6,83.0,631489,142.5
3,The Shawshank Redemption,1994,142,9.3,80.0,2456128,28.34
4,Avengers: Endgame,2019,181,8.4,78.0,932327,858.37
5,Harry Potter and the Sorcerer's Stone,2001,152,7.6,64.0,695887,317.58
6,Knives Out,2019,130,7.9,82.0,521259,165.36
7,Zack Snyder's Justice League,2021,242,8.1,54.0,333220,
8,The Father,2020,97,8.3,88.0,91882,
9,Tombstone,1993,130,7.8,50.0,135181,56.51
10,The Dark Knight,2008,152,9.0,84.0,2411867,534.86
11,The Wolf of Wall Street,2013,180,8.2,75.0,1259745,116.9
12,The Godfather,1972,175,9.2,100.0,1699555,134.97
13,Joker,2019,122,8.4,59.0,1059784,335.45
14,Up,2009,96,8.2,88.0,973098,293.0
15,The Matrix,1999,136,8.7,73.0,1748174,171.48
16,Interstellar,2014,169,8.6,74.0,1608200,188.02
17,Jurassic Park,1993,127,8.1,68.0,906464,402.45
18,Gone Girl,2014,149,8.1,79.0,904586,167.77
19,Forrest Gump,1994,142,8.8,82.0,1898991,330.25
20,Pulp Fiction,1994,154,8.9,94.0,1903314,107.93
21,The Lord of the Rings: The Fellowship of the Ring,2001,178,8.8,92.0,1726703,315.54
22,Parasite,2019,132,8.6,96.0,654252,53.37
23,Titanic,1997,194,7.8,75.0,1090099,659.33
24,Inception,2010,148,8.8,74.0,2163704,292.58
25,Goodfellas,1990,146,8.7,90.0,1066673,46.84
26,Another Round,2020,117,7.8,79.0,105662,
27,Wind River,2017,107,7.7,73.0,221261,33.8
28,Django Unchained,2012,165,8.4,81.0,1422227,162.81
29,Avengers: Infinity War,2018,149,8.4,68.0,918998,678.82
30,Blade Runner 2049,2017,164,8.0,81.0,495313,92.05
31,Guardians of the Galaxy,2014,121,8.0,76.0,1090634,333.18
32,Thor: Ragnarok,2017,130,7.9,74.0,643560,315.06
33,The Gentlemen,2019,113,7.8,51.0,279853,
34,Inglourious Basterds,2009,153,8.3,69.0,1328790,120.54
35,Catch Me If You Can,2002,141,8.1,75.0,882087,164.62
36,Fight Club,1999,139,8.8,66.0,1934932,37.03
37,Back to the Future,1985,116,8.5,87.0,1109567,210.61
38,Spider-Man: Into the Spider-Verse,2018,117,8.4,87.0,423877,190.24
39,Se7en,1995,127,8.6,65.0,1511883,100.13
40,Bohemian Rhapsody,2018,134,7.9,49.0,483423,216.43
41,The Departed,2006,151,8.5,85.0,1237458,132.38
42,Indiana Jones and the Raiders of the Lost Ark,1981,115,8.4,85.0,915074,248.16
43,Alien,1979,117,8.4,89.0,820986,78.9
44,The Goonies,1985,114,7.8,62.0,254604,61.5
45,Dazed and Confused,1993,102,7.6,78.0,173511,7.99
46,Prisoners,2013,153,8.1,70.0,634736,61.0
47,Kingsman: The Secret Service,2014,129,7.7,60.0,614719,128.26
48,American Psycho,2000,101,7.6,64.0,523190,15.07
49,The Princess Bride,1987,98,8.1,77.0,407199,30.86
50,1917,2019,119,8.3,78.0,487358,159.23
51,The Big Lebowski,1998,117,8.1,71.0,764047,17.5
52,The Silence of the Lambs,1991,118,8.6,85.0,1327978,130.74
53,Harry Potter and the Deathly Hallows: Part 2,2011,130,8.1,85.0,800156,381.01
54,Aliens,1986,137,8.3,84.0,676943,85.16
55,The Prestige,2006,130,8.5,66.0,1241445,53.09
56,Jaws,1975,124,8.0,87.0,563825,260.0
57,The Dark Knight Rises,2012,164,8.4,78.0,1574061,448.14
58,Heat,1995,170,8.2,76.0,604427,67.44
59,No Country for Old Men,2007,122,8.1,91.0,897967,74.28
60,Shutter Island,2010,138,8.2,63.0,1191886,128.01
61,300,2006,117,7.6,52.0,755944,210.61
62,Deadpool,2016,108,8.0,65.0,945432,363.07
63,Mad Max: Fury Road,2015,120,8.1,90.0,924081,154.06
64,Little Women,2019,135,7.8,91.0,164066,108.1
65,Casino Royale,2006,144,8.0,80.0,599193,167.45
66,What We Do in the Shadows,2014,86,7.7,76.0,166955,3.33
67,Iron Man,2008,126,7.9,79.0,981034,318.41
68,Schindler's List,1993,195,8.9,94.0,1263086,96.9
69,Get Out,2017,104,7.7,85.0,527757,176.04
70,Deadpool 2,2018,119,7.7,66.0,515470,324.59
71,Black Swan,2010,108,8.0,79.0,722401,106.95
72,Witness for the Prosecution,1957,116,8.4,,115878,8.18
73,Sicario,2015,121,7.6,82.0,392226,46.89
74,Ferris Bueller's Day Off,1986,103,7.8,61.0,334468,70.14
75,Whiplash,2014,106,8.5,88.0,760368,13.09
76,Harry Potter and the Goblet of Fire,2005,157,7.7,81.0,572383,290.01
77,Gladiator,2000,155,8.5,67.0,1395045,187.71
78,Requiem for a Dream,2000,102,8.3,68.0,793967,3.64
79,Skyfall,2012,143,7.7,81.0,646845,304.36
80,Jojo Rabbit,2019,108,7.9,58.0,336874,0.35
81,Pirates of the Caribbean: The Curse of the Black Pearl,2003,143,8.0,63.0,1043364,305.41
82,Ford v Ferrari,2019,152,8.1,81.0,332913,117.62
83,The Big Short,2015,130,7.8,81.0,388220,70.26
84,Boogie Nights,1997,155,7.9,85.0,249519,26.4
85,The Avengers,2012,143,8.0,69.0,1305256,623.28
86,Arrival,2016,116,7.9,81.0,630686,100.55
87,The Shining,1980,146,8.4,66.0,939403,44.02
88,Watchmen,2009,162,7.6,56.0,525165,107.51
89,The Green Mile,1999,189,8.6,61.0,1200053,136.8
90,Edge of Tomorrow,2014,113,7.9,71.0,628975,100.21
91,Blade Runner,1982,117,8.1,84.0,719672,32.87
92,Avatar,2009,162,7.8,83.0,1154005,760.51
93,Léon: The Professional,1994,110,8.5,64.0,1078524,19.5
94,Batman Begins,2005,140,8.2,70.0,1356963,206.85
95,Once Upon a Time in America,1984,229,8.4,75.0,326886,5.32
96,The Lord of the Rings: The Return of the King,2003,201,8.9,94.0,1705448,377.85
97,Guardians of the Galaxy Vol. 2,2017,136,7.6,67.0,607997,389.81
98,Good Will Hunting,1997,126,8.3,70.0,898082,138.43
99,Apocalypse Now,1979,147,8.4,94.0,628358,83.47
100,The Hangover,2009,100,7.7,73.0,740761,277.32
101,Harry Potter and the Deathly Hallows: Part 1,2010,146,7.7,65.0,501139,295.98
102,Harry Potter and the Prisoner of Azkaban,2004,142,7.9,82.0,578381,249.36
103,Green Book,2018,130,8.2,69.0,423969,85.08
104,Call Me by Your Name,2017,132,7.9,93.0,234814,18.1
105,Saving Private Ryan,1998,169,8.6,91.0,1288552,216.54
106,Indiana Jones and the Last Crusade,1989,127,8.2,65.0,715789,197.17
107,American Beauty,1999,122,8.3,84.0,1102398,130.1
108,Soul,2020,100,8.1,83.0,275562,
109,Casablanca,1942,102,8.5,100.0,541630,1.02
110,There Will Be Blood,2007,158,8.2,93.0,543082,40.22
111,The Hobbit: An Unexpected Journey,2012,169,7.8,58.0,779211,303.0
112,Zodiac,2007,157,7.7,78.0,494170,33.08
113,Captain Fantastic,2016,118,7.9,72.0,204179,5.88
114,"Three Billboards Outside Ebbing, Missouri",2017,115,8.1,88.0,464141,54.51
115,The Breakfast Club,1985,97,7.8,66.0,371343,45.88
116,Ghostbusters,1984,105,7.8,71.0,372062,238.63
117,The Hateful Eight,2015,168,7.8,68.0,548535,54.12
118,The Peanut Butter Falcon,2019,97,7.6,70.0,81401,13.12
119,The Irishman,2019,209,7.8,94.0,349985,7.0
120,Train to Busan,2016,118,7.6,72.0,185412,2.13
121,Taxi Driver,1976,114,8.2,94.0,759398,28.26
122,Snatch,2000,102,8.3,55.0,809708,30.33
123,La La Land,2016,128,8.0,94.0,535378,151.1
124,Star Trek,2009,127,7.9,82.0,589018,257.73
125,Dead Poets Society,1989,128,8.1,79.0,447536,95.86
126,Hamilton,2020,160,8.4,90.0,72695,
127,Full Metal Jacket,1987,116,8.3,76.0,699898,46.36
128,The Grand Budapest Hotel,2014,99,8.1,88.0,742989,59.1
129,The Usual Suspects,1995,106,8.5,77.0,1026471,23.34
130,The Dirty Dozen,1967,150,7.7,73.0,69780,45.3
131,Star Wars: Episode IV - A New Hope,1977,121,8.6,90.0,1274204,322.74
132,The Game,1997,129,7.7,61.0,367759,48.32
133,Hacksaw Ridge,2016,139,8.1,71.0,465458,67.21
134,The Notebook,2004,123,7.8,53.0,539271,81.0
135,12 Angry Men,1957,96,9.0,96.0,727091,4.36
136,Pride & Prejudice,2005,129,7.8,82.0,272317,38.41
137,Kill Bill: Vol. 1,2003,111,8.1,69.0,1043208,70.1
138,Harry Potter and the Half-Blood Prince,2009,153,7.6,78.0,497921,301.96
139,A Clockwork Orange,1971,136,8.3,77.0,784074,6.21
140,Scarface,1983,170,8.3,65.0,776140,45.6
141,Baby Driver,2017,113,7.6,86.0,474943,107.83
142,Moana,2016,107,7.6,81.0,295528,248.76
143,Mulholland Drive,2001,147,7.9,85.0,336743,7.22
144,The Lion King,1994,88,8.5,88.0,981062,422.78
145,Psycho,1960,109,8.5,97.0,628708,32.0
146,Eternal Sunshine of the Spotless Mind,2004,108,8.3,89.0,946025,34.4
147,One Flew Over the Cuckoo's Nest,1975,133,8.7,84.0,951867,112.0
148,Captain America: Civil War,2016,147,7.8,75.0,706106,408.08
149,The Hunt,2012,115,8.3,77.0,301961,0.69
150,True Romance,1993,119,7.9,59.0,216239,12.28
151,Ex Machina,2014,108,7.7,78.0,499752,25.44
152,Terminator 2: Judgment Day,1991,137,8.5,75.0,1031374,204.84
153,Dunkirk,2017,106,7.8,94.0,592932,188.37
154,Memento,2000,113,8.4,80.0,1166569,25.54
155,The Girl with the Dragon Tattoo,2011,158,7.8,71.0,439008,102.52
156,Reservoir Dogs,1992,99,8.3,79.0,955551,2.83
157,The Social Network,2010,120,7.7,95.0,652392,96.96
158,Drive,2011,100,7.8,78.0,593350,35.06
159,The Pianist,2002,150,8.5,85.0,768035,32.57
160,About Time,2013,123,7.8,55.0,321435,15.32
161,Spirited Away,2001,125,8.6,96.0,690914,10.06
162,Dances with Wolves,1990,181,8.0,72.0,249813,184.21
163,Ocean's Eleven,2001,116,7.7,74.0,537607,183.42
164,Atonement,2007,123,7.8,85.0,261957,50.93
165,The Godfather: Part II,1974,202,9.0,90.0,1180396,57.3
166,Into the Wild,2007,148,8.1,73.0,592982,18.35
167,"The Good, the Bad and the Ugly",1966,178,8.8,90.0,715956,6.1
168,Cast Away,2000,143,7.8,73.0,549937,233.63
169,Rogue One: A Star Wars Story,2016,133,7.8,65.0,578863,532.18
170,The Lord of the Rings: The Two Towers,2002,179,8.7,87.0,1541910,342.55
171,Oldboy,2003,101,8.4,77.0,539177,0.71
172,The Mitchells vs the Machines,2021,113,7.7,80.0,74170,
173,Stardust,2007,127,7.6,66.0,262110,38.63
174,Mystic River,2003,138,7.9,84.0,435774,90.14
175,Predator,1987,107,7.8,45.0,385984,59.74
176,Moneyball,2011,133,7.6,87.0,390022,75.61
177,Stand by Me,1986,89,8.1,75.0,379271,52.29
178,The Terminator,1984,107,8.0,84.0,819769,38.4
179,Silver Linings Playbook,2012,122,7.7,81.0,679536,132.09
180,The Revenant,2015,156,8.0,76.0,739228,183.64
181,Mission: Impossible - Fallout,2018,147,7.7,86.0,306992,220.16
182,Demon Slayer: Mugen Train,2020,117,8.3,75.0,34316,47.7
183,Black Hawk Down,2001,144,7.7,74.0,376221,108.64
184,The Fifth Element,1997,126,7.7,52.0,448136,63.54
185,Logan,2017,137,8.1,77.0,685092,226.28
186,Braveheart,1995,178,8.3,68.0,986814,75.6
187,Die Hard,1988,132,8.2,72.0,819028,83.01
188,The Intouchables,2011,112,8.5,57.0,794431,13.18
189,Donnie Darko,2001,113,8.0,88.0,762490,1.48
190,The Handmaiden,2016,145,8.1,84.0,127022,2.01
191,Coco,2017,105,8.4,81.0,429156,209.73
192,Wonder,2017,113,8.0,66.0,152351,132.42
193,2001: A Space Odyssey,1968,149,8.3,84.0,628038,56.95
194,A Star Is Born,2018,136,7.6,88.0,354632,215.29
195,City of God,2002,130,8.6,79.0,720435,7.56
196,Casino,1995,178,8.2,73.0,486566,42.44
197,Almost Famous,2000,122,7.9,90.0,264331,32.53
198,Life Is Beautiful,1997,116,8.6,59.0,650280,57.6
199,Halloween,1978,91,7.7,87.0,242917,47.0
200,American History X,1998,119,8.5,62.0,1065263,6.72
201,Unforgiven,1992,130,8.2,85.0,390723,101.16
202,Your Name.,2016,106,8.4,79.0,222926,5.02
203,Home Alone,1990,103,7.6,63.0,506616,285.76
204,Sin City,2005,124,8.0,74.0,749080,74.1
205,Zootopia,2016,108,8.0,78.0,457008,341.27
206,V for Vendetta,2005,132,8.1,62.0,1064218,70.51
207,Captain America: The Winter Soldier,2014,136,7.7,70.0,774885,259.77
208,Spotlight,2015,129,8.1,93.0,441058,45.06
209,The Martian,2015,144,8.0,80.0,792829,228.43
210,The Curious Case of Benjamin Button,2008,166,7.8,70.0,612333,127.51
211,The Best Years of Our Lives,1946,170,8.1,93.0,60866,23.65
212,Sound of Metal,2019,120,7.8,82.0,103566,
213,E.T. the Extra-Terrestrial,1982,115,7.8,91.0,386444,435.11
214,The Imitation Game,2014,114,8.0,71.0,715422,91.13
215,Rear Window,1954,112,8.5,100.0,463907,36.76
216,Her,2013,126,8.0,91.0,565888,25.57
217,Rush,2013,123,8.1,74.0,451307,26.95
218,Room,2015,118,8.1,86.0,391734,14.68
219,The Thing,1982,109,8.1,57.0,389626,13.78
220,Sunset Blvd.,1950,110,8.4,,210493,
221,The Truman Show,1998,103,8.1,90.0,985817,125.62
222,Little Miss Sunshine,2006,101,7.8,80.0,453963,59.89
223,Marriage Story,2019,137,7.9,94.0,271110,2.0
224,Brokeback Mountain,2005,134,7.7,87.0,337413,83.04
225,The Machinist,2004,101,7.7,61.0,370034,1.08
226,The Last of the Mohicans,1992,112,7.7,76.0,158364,75.51
227,Y Tu Mamá También,2001,106,7.6,88.0,119122,13.62
228,Big Fish,2003,125,8.0,58.0,426722,66.26
229,Argo,2012,120,7.7,86.0,589426,136.03
230,The Sixth Sense,1999,107,8.1,64.0,940451,293.51
231,Come and See,1985,142,8.3,,67399,
232,The Perks of Being a Wallflower,2012,103,7.9,67.0,480193,17.74
233,Nightcrawler,2014,117,7.8,76.0,493620,32.38
234,Pan's Labyrinth,2006,118,8.2,98.0,637348,37.63
235,Fargo,1996,98,8.1,85.0,641936,24.61
236,Magnolia,1999,188,8.0,77.0,299103,22.46
237,True Grit,2010,110,7.6,80.0,322465,171.24
238,Platoon,1986,120,8.1,92.0,394508,138.53
239,The Exorcist,1973,122,8.0,81.0,375489,232.91
240,Inside Man,2006,129,7.6,76.0,353278,88.51
241,Hot Fuzz,2007,121,7.8,81.0,480915,23.64
242,Ratatouille,2007,111,8.0,96.0,668114,206.45
243,Saw,2004,103,7.6,46.0,395787,56.0
244,X-Men: Days of Future Past,2014,132,7.9,75.0,678579,233.92
245,Blue Is the Warmest Colour,2013,180,7.7,89.0,143964,2.2
246,Office Space,1999,89,7.7,68.0,251102,10.82
247,The Hobbit: The Desolation of Smaug,2013,161,7.8,66.0,620533,258.37
248,Dark Waters,2019,126,7.6,73.0,72668,
249,A Beautiful Mind,2001,135,8.2,72.0,879320,170.74
250,Memories of Murder,2003,132,8.1,82.0,157279,0.01
251,The Trial of the Chicago 7,2020,129,7.8,76.0,156886,
252,Apocalypto,2006,139,7.8,68.0,299062,50.87
253,In Bruges,2008,107,7.9,67.0,401922,7.76
254,The Blind Side,2009,129,7.6,53.0,306458,255.96
255,Incendies,2010,131,8.3,80.0,161056,6.86
256,The Incredibles,2004,115,8.0,90.0,679905,261.44
257,Airplane!,1980,88,7.7,78.0,223981,83.4
258,Trainspotting,1996,93,8.1,83.0,654752,16.5
259,Primal Fear,1996,129,7.7,47.0,199209,56.12
260,Minority Report,2002,145,7.6,80.0,525435,132.07
261,Walk the Line,2005,136,7.8,72.0,240873,119.52
262,Shrek,2001,90,7.9,84.0,637330,267.67
263,American Gangster,2007,157,7.8,76.0,405246,130.16
264,Amadeus,1984,160,8.3,88.0,381468,51.97
265,The Invisible Guest,2016,106,8.1,,159591,
266,Dallas Buyers Club,2013,117,8.0,79.0,460003,27.3
267,Willy Wonka & the Chocolate Factory,1971,100,7.8,67.0,187850,4.0
268,The Birds,1963,119,7.7,90.0,178619,11.4
269,Inside Out,2015,95,8.1,94.0,651538,356.46
270,Taken,2008,90,7.8,51.0,579316,145.0
271,The Wizard of Oz,1939,102,8.0,92.0,379097,2.08
272,Man on Fire,2004,146,7.7,47.0,339274,77.91
273,Midnight in Paris,2011,94,7.7,81.0,401967,56.82
274,Just Mercy,2019,137,7.6,68.0,55739,
275,Vertigo,1958,128,8.3,100.0,381043,3.2
276,Star Wars: Episode VII - The Force Awakens,2015,138,7.8,80.0,883620,936.66
277,The Deer Hunter,1978,183,8.1,86.0,323877,48.98
278,Howl's Moving Castle,2004,119,8.2,80.0,356039,4.71
279,Birdman or (The Unexpected Virtue of Ignorance),2014,119,7.7,87.0,599795,42.34
280,A Few Good Men,1992,138,7.7,62.0,246280,141.34
281,Gran Torino,2008,116,8.1,72.0,740255,148.1
282,X-Men: First Class,2011,131,7.7,65.0,661973,146.41
283,In the Mood for Love,2000,98,8.1,85.0,135729,2.73
284,District 9,2009,112,7.9,81.0,653741,115.65
285,The Thin Red Line,1998,170,7.6,78.0,179801,36.4
286,Amélie,2001,122,8.3,69.0,723616,33.23
287,12 Years a Slave,2013,134,8.1,96.0,663401,56.67
288,Blazing Saddles,1974,93,7.7,73.0,131184,119.5
289,Children of Men,2006,109,7.9,84.0,478474,35.55
290,"Monsters, Inc.",2001,92,8.1,79.0,848833,289.92
291,The Godfather: Part III,1990,162,7.6,60.0,374290,66.67
292,"Lock, Stock and Two Smoking Barrels",1998,107,8.2,66.0,553967,3.9
293,Road to Perdition,2002,117,7.7,72.0,256400,104.45
294,Blood Diamond,2006,143,8.0,64.0,517871,57.37
295,Rain Man,1988,133,8.0,65.0,489270,178.8
296,500 Days of Summer,2009,95,7.7,76.0,487374,32.39
297,Once Upon a Time in the West,1968,165,8.5,80.0,313651,5.32
298,The Fault in Our Stars,2014,126,7.7,69.0,356199,124.87
299,Chinatown,1974,130,8.2,92.0,308753,8.49
300,L.A. Confidential,1997,138,8.2,90.0,550691,64.62
301,Manchester by the Sea,2016,137,7.8,96.0,260594,47.7
302,Capernaum,2018,126,8.4,75.0,74368,1.66
303,Portrait of a Lady on Fire,2019,122,8.1,95.0,76435,3.76
304,The Outlaw Josey Wales,1976,135,7.8,69.0,69373,31.8
305,Gone Baby Gone,2007,114,7.6,72.0,261521,20.3
306,Sherlock Holmes,2009,128,7.6,57.0,601531,209.03
307,Edward Scissorhands,1990,105,7.9,74.0,460121,56.36
308,Toy Story,1995,81,8.3,95.0,924711,191.8
309,Toy Story 4,2019,100,7.7,84.0,221754,434.04
310,The Fugitive,1993,130,7.8,87.0,278369,183.88
311,Rocky,1976,120,8.1,70.0,538351,117.24
312,The Help,2011,146,8.0,62.0,438922,169.71
313,The Butterfly Effect,2004,113,7.6,30.0,465468,57.94
314,The Magnificent Seven,1960,128,7.7,74.0,91141,4.91
315,Blue Velvet,1986,120,7.7,76.0,188708,8.55
316,The Sandlot,1993,101,7.8,55.0,84279,32.42
317,Kill Bill: Vol. 2,2004,137,8.0,83.0,711908,66.21
318,Flipped,2010,90,7.7,45.0,86098,1.75
319,The Sound of Music,1965,172,8.0,63.0,215564,163.21
320,Hunt for the Wilderpeople,2016,101,7.9,81.0,119807,5.2
321,Warrior,2011,140,8.1,71.0,448939,13.66
322,Groundhog Day,1993,101,8.0,72.0,594879,70.91
323,Apollo 13,1995,140,7.6,77.0,279993,173.84
324,Star Wars: Episode VI - Return of the Jedi,1983,131,8.3,58.0,984141,309.13
325,Back to the Future Part II,1989,108,7.8,57.0,500368,118.5
326,The Bourne Identity,2002,119,7.9,68.0,523025,121.66
327,Finding Nemo,2003,100,8.1,90.0,981991,380.84
328,Training Day,2001,122,7.7,69.0,407857,76.63
329,Star Trek Into Darkness,2013,132,7.7,72.0,471569,228.78
330,Star Wars: Episode V - The Empire Strikes Back,1980,124,8.7,82.0,1202314,290.48
331,Lost in Translation,2003,102,7.7,89.0,431811,44.59
332,The Untouchables,1987,119,7.9,79.0,293814,76.27
333,Scent of a Woman,1992,156,8.0,59.0,277714,63.9
334,Hidden Figures,2016,127,7.8,74.0,211479,169.61
335,12 Monkeys,1995,129,8.0,74.0,594999,57.14
336,3 Idiots,2009,170,8.4,67.0,366551,6.53
337,My Cousin Vinny,1992,120,7.6,68.0,113950,52.93
338,Moonrise Kingdom,2012,94,7.8,84.0,330653,45.51
339,Empire of the Sun,1987,153,7.7,62.0,119957,22.24
340,Hell or High Water,2016,102,7.6,88.0,213605,26.86
341,Zombieland,2009,88,7.6,73.0,540233,75.59
342,Tangled,2010,100,7.7,71.0,422023,200.82
343,WALL·E,2008,98,8.4,95.0,1040007,223.81
344,Who Framed Roger Rabbit,1988,104,7.7,83.0,190280,156.45
345,Coraline,2009,100,7.7,80.0,207459,75.29
346,Remember the Titans,2000,113,7.8,48.0,204347,115.65
347,The Lives of Others,2006,137,8.4,89.0,371840,11.29
348,As Good as It Gets,1997,139,7.7,67.0,286238,148.48
349,The Graduate,1967,106,8.0,83.0,262168,104.95
350,Million Dollar Baby,2004,132,8.1,86.0,656290,100.49
351,Deliverance,1972,109,7.7,80.0,103066,7.06
352,Citizen Kane,1941,119,8.3,100.0,421408,1.59
353,Captain Phillips,2013,134,7.8,82.0,436786,107.1
354,Gaslight,1944,114,7.8,,26362,
355,Lion,2016,118,8.0,69.0,224059,51.74
356,The Warriors,1979,92,7.6,65.0,97526,22.49
357,Fantastic Mr. Fox,2009,87,7.9,83.0,211618,21.0
358,Dr. Strangelove or: How I Learned to Stop Worrying and Love the Bomb,1964,95,8.4,97.0,466703,0.28
359,Fear and Loathing in Las Vegas,1998,118,7.6,41.0,268136,10.68
360,Before Sunrise,1995,101,8.1,77.0,285974,5.54
361,Gone with the Wind,1939,238,8.1,97.0,300851,198.68
362,Sense and Sensibility,1995,136,7.7,84.0,108796,43.18
363,Seven Samurai,1954,207,8.6,98.0,328104,0.27
364,What's Eating Gilbert Grape,1993,118,7.7,73.0,224698,9.17
365,The Pursuit of Happyness,2006,117,8.0,64.0,471446,163.57
366,"Crouching Tiger, Hidden Dragon",2000,120,7.8,94.0,260263,128.08
367,The Nightmare Before Christmas,1993,76,8.0,82.0,309072,75.08
368,A Bronx Tale,1993,121,7.8,80.0,133588,17.27
369,Shaun of the Dead,2004,99,7.9,76.0,529690,13.54
370,Only the Brave,2017,134,7.6,72.0,63320,18.34
371,Mr. Nobody,2009,141,7.8,63.0,223572,0.0
372,Slumdog Millionaire,2008,120,8.0,84.0,816929,141.32
373,Downfall,2004,156,8.2,82.0,341208,5.51
374,Mary Poppins,1964,139,7.8,88.0,163245,102.27
375,Life of Pi,2012,127,7.9,79.0,598934,124.99
376,Match Point,2005,124,7.6,72.0,211484,23.09
377,Cinema Paradiso,1988,155,8.5,80.0,244516,11.99
378,Barry Lyndon,1975,185,8.1,89.0,157759,
379,Princess Mononoke,1997,134,8.4,76.0,363564,2.38
380,Grave of the Fireflies,1988,89,8.5,94.0,251564,
381,Beauty and the Beast,1991,84,8.0,95.0,427624,218.97
382,The Last Samurai,2003,154,7.7,55.0,414284,111.11
383,"O Brother, Where Art Thou?",2000,107,7.7,69.0,297668,45.51
384,The Blues Brothers,1980,133,7.9,60.0,189731,57.23
385,Crash,2004,112,7.7,66.0,426973,54.58
386,The Boondock Saints,1999,108,7.7,44.0,232380,0.03
387,Do the Right Thing,1989,120,8.0,93.0,95648,27.55
388,How to Train Your Dragon,2010,98,8.1,75.0,692124,217.58
389,Gifted,2017,101,7.6,60.0,107084,24.8
390,Monty Python and the Holy Grail,1975,91,8.2,91.0,516653,1.23
391,Boyz n the Hood,1991,112,7.8,76.0,132481,57.5
392,Aladdin,1992,90,8.0,86.0,386112,217.35
393,The Royal Tenenbaums,2001,110,7.6,76.0,276014,52.36
394,Serenity,2005,119,7.8,74.0,288825,25.51
395,It's a Wonderful Life,1946,130,8.6,89.0,421441,
396,When Harry Met Sally...,1989,95,7.6,76.0,205063,92.82
397,Kung Fu Hustle,2004,99,7.7,78.0,132247,17.11
398,Raging Bull,1980,129,8.2,89.0,334915,23.38
399,Mulan,1998,88,7.6,71.0,267978,120.62
400,Misery,1990,107,7.8,75.0,194688,61.28
401,The Theory of Everything,2014,123,7.7,71.0,422292,35.89
402,The Bourne Ultimatum,2007,115,8.0,85.0,615829,227.47
403,The Count of Monte Cristo,2002,131,7.7,61.0,132806,54.23
404,The Florida Project,2017,111,7.6,92.0,103072,5.9
405,I Saw the Devil,2010,144,7.8,67.0,118989,0.13
406,The Wrestler,2008,109,7.9,80.0,296300,26.24
407,Big Hero 6,2014,102,7.8,74.0,428427,222.53
408,Gattaca,1997,106,7.8,64.0,289252,12.34
409,Donnie Brasco,1997,127,7.7,76.0,290475,41.91
410,Some Like It Hot,1959,121,8.2,98.0,253977,25.0
411,Uri: The Surgical Strike,2019,138,8.3,,50894,4.19
412,Sling Blade,1996,135,8.0,84.0,91119,24.48
413,Lethal Weapon,1987,109,7.6,68.0,245371,65.21
414,First Blood,1982,93,7.7,61.0,237289,47.21
415,Incredibles 2,2018,118,7.6,80.0,267923,608.58
416,Toy Story 3,2010,103,8.2,92.0,784478,415.0
417,Cool Hand Luke,1967,127,8.1,92.0,169606,16.22
418,The Holy Mountain,1973,114,7.9,76.0,39798,0.06
419,Gravity,2013,91,7.7,96.0,790052,274.09
420,JFK,1991,189,8.0,72.0,148070,70.41
421,Young Frankenstein,1974,106,8.0,80.0,149443,86.3
422,Creed,2015,133,7.6,82.0,257688,109.77
423,The Iron Giant,1999,86,8.0,85.0,179876,23.16
424,North by Northwest,1959,136,8.3,98.0,311451,13.28
425,Lawrence of Arabia,1962,228,8.3,100.0,278888,44.82
426,A Silent Voice: The Movie,2016,130,8.2,78.0,62090,
427,The Fighter,2010,116,7.8,79.0,350794,93.62
428,Chungking Express,1994,102,8.1,78.0,71037,0.6
429,Rosemary's Baby,1968,137,8.0,96.0,203111,
430,Dark City,1998,100,7.6,66.0,193240,14.38
431,Battle Royale,2000,114,7.6,81.0,174335,
432,The Bourne Supremacy,2004,108,7.7,73.0,445760,176.24
433,Akira,1988,124,8.0,,173476,0.55
434,Despicable Me,2010,95,7.6,72.0,516215,251.51
435,Planet of the Apes,1968,112,8.0,79.0,171845,33.4
436,Dirty Harry,1971,102,7.7,90.0,148690,35.9
437,The Color Purple,1985,154,7.8,78.0,82118,98.47
438,Boyhood,2014,165,7.9,100.0,344040,25.38
439,Wreck-It Ralph,2012,101,7.7,72.0,395084,189.42
440,Dangal,2016,161,8.4,,170588,12.39
441,Moon,2009,97,7.8,67.0,344872,5.01
442,Straight Outta Compton,2015,147,7.8,72.0,187853,161.2
443,The King's Speech,2010,118,8.0,88.0,655583,138.8
444,Perfect Blue,1997,81,8.0,,65130,0.78
445,Midnight Cowboy,1969,113,7.8,79.0,106201,44.79
446,Isle of Dogs,2018,101,7.9,82.0,150553,32.02
447,Breakfast at Tiffany's,1961,115,7.6,76.0,172385,
448,The Boy in the Striped Pajamas,2008,94,7.8,55.0,198780,9.03
449,The Insider,1999,157,7.8,84.0,165660,28.97
450,This Is Spinal Tap,1984,82,7.9,92.0,134511,0.19
451,Stalker,1979,162,8.1,,125587,0.23
452,After Hours,1985,97,7.7,90.0,63991,10.6
453,Dog Day Afternoon,1975,125,8.0,86.0,245388,50.0
454,End of Watch,2012,109,7.6,68.0,235091,41.0
455,Changeling,2008,141,7.7,63.0,246281,35.74
456,Butch Cassidy and the Sundance Kid,1969,110,8.0,66.0,208561,102.31
457,Singin' in the Rain,1952,103,8.3,99.0,228064,8.82
458,The 39 Steps,1935,86,7.6,93.0,54381,
459,Soorarai Pottru,2020,153,9.1,,89397,
460,"Paris, Texas",1984,145,8.1,78.0,98595,2.18
461,The Lego Movie,2014,100,7.7,83.0,334232,257.76
462,The Others,2001,104,7.6,74.0,350173,96.52
463,Goldfinger,1964,110,7.7,87.0,179422,51.08
464,The Great Escape,1963,172,8.2,86.0,233264,12.1
465,The Secret in Their Eyes,2009,129,8.2,80.0,200649,6.39
466,Close Encounters of the Third Kind,1977,138,7.6,90.0,191575,132.09
467,The Elephant Man,1980,124,8.1,78.0,229983,
468,Being John Malkovich,1999,113,7.7,90.0,322772,22.86
469,Neon Genesis Evangelion: The End of Evangelion,1997,87,8.1,,45765,
470,Guess Who's Coming to Dinner,1967,108,7.8,63.0,41967,56.7
471,Hachi: A Dog's Tale,2009,93,8.1,,265795,
472,The Skin I Live In,2011,120,7.6,70.0,144711,3.19
473,Dawn of the Dead,1978,127,7.9,71.0,115444,5.1
474,My Neighbor Totoro,1988,86,8.2,86.0,309633,1.11
475,Mad Max 2,1981,96,7.6,77.0,172099,12.47
476,Brazil,1985,132,7.9,84.0,194381,9.93
477,The Raid: Redemption,2011,101,7.6,73.0,196549,4.11
478,Fallen Angels,1995,99,7.7,71.0,32428,
479,3:10 to Yuma,2007,122,7.7,76.0,297407,53.61
480,Carlito's Way,1993,144,7.9,65.0,207891,36.95
481,Eastern Promises,2007,100,7.6,82.0,234154,17.11
482,Serpico,1973,130,7.7,87.0,116286,29.8
483,A Fistful of Dollars,1964,99,8.0,65.0,206096,14.5
484,Adaptation.,2002,115,7.7,83.0,185767,22.25
485,Toy Story 2,1999,92,7.9,88.0,547188,245.85
486,Das Boot,1981,149,8.3,86.0,240038,11.49
487,Short Term 12,2013,96,8.0,82.0,84822,1.01
488,Awakenings,1990,121,7.8,74.0,132330,52.1
489,Monty Python's Life of Brian,1979,94,8.1,77.0,380711,20.05
490,21 Grams,2003,124,7.6,70.0,230338,16.29
491,The Sting,1973,129,8.3,83.0,250116,159.6
492,Hero,2002,120,7.9,85.0,177269,53.71
493,Lost Highway,1997,134,7.6,52.0,136022,3.8
494,Tumbbad,2018,104,8.3,,36438,
495,Evil Dead II,1987,84,7.7,72.0,153560,5.92
496,Wild Tales,2014,122,8.1,77.0,186304,3.11
497,Raatchasan,2018,170,8.5,,34436,
498,Searching,2018,102,7.6,71.0,150706,26.02
499,The Girl with the Dragon Tattoo,2009,152,7.8,76.0,212234,10.1
500,Dial M for Murder,1954,105,8.2,75.0,166180,0.01
501,My Fair Lady,1964,170,7.8,95.0,90454,72.0
502,The Ten Commandments,1956,220,7.9,,67013,93.74
503,Seven Pounds,2008,123,7.6,36.0,293335,69.95
504,The Last Picture Show,1971,118,8.0,93.0,44888,29.13
505,Enter the Dragon,1973,102,7.7,83.0,100619,25.0
506,Ghost in the Shell,1995,83,8.0,76.0,135075,0.52
507,Clerks,1994,92,7.7,70.0,216100,3.15
508,Metropolis,1927,153,8.3,98.0,166341,1.24
509,The Conversation,1974,113,7.8,85.0,105449,4.42
510,The Man from Earth,2007,87,7.9,,180501,
511,Philadelphia,1993,125,7.7,66.0,231571,77.32
512,Patton,1970,172,7.9,91.0,98258,61.7
513,Billy Elliot,2000,110,7.7,74.0,130233,22.0
514,The French Connection,1971,104,7.7,94.0,115448,15.63
515,To Kill a Mockingbird,1962,129,8.3,88.0,303630,
516,Ran,1985,162,8.2,96.0,118997,4.14
517,The Seventh Seal,1957,96,8.2,88.0,174800,
518,The Apartment,1960,125,8.3,94.0,171645,18.6
519,Doctor Zhivago,1965,197,8.0,69.0,72610,111.72
520,Fried Green Tomatoes,1991,130,7.7,64.0,70353,82.42
521,This Is England,2006,101,7.7,86.0,118569,0.33
522,La Haine,1995,98,8.1,,159468,0.31
523,Spartacus,1960,197,7.9,87.0,129643,30.0
524,Autumn Sonata,1978,99,8.2,,30895,
525,White Heat,1949,114,8.1,,31377,
526,Annie Hall,1977,93,8.0,92.0,257715,39.2
527,Before Sunset,2004,80,8.1,90.0,247314,5.82
528,Ip Man,2008,106,8.0,59.0,216736,
529,Beasts of No Nation,2015,137,7.7,79.0,77197,0.08
530,The Last King of Scotland,2006,123,7.7,74.0,180599,17.61
531,For a Few Dollars More,1965,132,8.2,74.0,242603,15.0
532,Ordinary People,1980,124,7.7,86.0,49386,54.8
533,The Fall,2006,117,7.8,64.0,109465,2.28
534,Roma,2018,135,7.7,96.0,147912,
535,The Naked Gun: From the Files of Police Squad!,1988,85,7.6,76.0,160050,78.76
536,Sing Street,2016,106,7.9,79.0,89007,3.24
537,Before Midnight,2013,109,7.9,94.0,148279,8.11
538,A Separation,2011,123,8.3,95.0,231362,7.1
539,The Killing Fields,1984,141,7.8,76.0,53602,34.7
540,The Great Beauty,2013,141,7.8,86.0,84218,2.85
541,Ponyo,2008,101,7.7,86.0,132714,15.09
542,Naked,1993,132,7.8,84.0,36913,1.77
543,Ben-Hur,1959,212,8.1,90.0,228109,74.7
544,Badlands,1973,94,7.8,93.0,69529,
545,Fanny and Alexander,1982,188,8.1,100.0,60526,4.97
546,Die Hard with a Vengeance,1995,128,7.6,58.0,372948,100.01
547,Dogville,2003,178,8.0,60.0,143283,1.53
548,"Blood In, Blood Out",1993,180,8.0,47.0,29904,4.5
549,In the Name of the Father,1993,133,8.1,84.0,165382,25.01
550,The Jungle Book,1967,78,7.6,65.0,172171,141.84
551,Infernal Affairs,2002,101,8.0,75.0,121003,0.17
552,50/50,2011,100,7.6,72.0,321792,35.01
553,The Straight Story,1999,112,8.0,86.0,86670,6.2
554,Charade,1963,113,7.9,83.0,72652,13.47
555,Gandhi,1982,191,8.0,79.0,223384,52.77
556,Rushmore,1998,93,7.7,86.0,175636,17.11
557,M,1931,99,8.3,,150125,0.03
558,Kiki's Delivery Service,1989,103,7.9,83.0,132572,
559,Miracle in Cell No. 7,2019,132,8.2,,42216,
560,The Wild Bunch,1969,135,7.9,97.0,81458,12.06
561,Hara-Kiri,1962,133,8.6,85.0,48633,
562,Glory,1989,122,7.8,78.0,129498,26.83
563,Glengarry Glen Ross,1992,100,7.7,82.0,100587,10.73
564,Mommy,2014,139,8.1,74.0,53641,3.49
565,Hotel Rwanda,2004,121,8.1,79.0,342981,23.53
566,Papillon,1973,151,8.0,58.0,126116,53.27
567,Mississippi Burning,1988,128,7.8,65.0,94306,34.6
568,Blood Simple,1984,99,7.6,83.0,91884,2.15
569,Sympathy for Mr. Vengeance,2002,129,7.6,56.0,65421,0.05
570,The Long Goodbye,1973,112,7.6,87.0,28463,0.96
571,The Right Stuff,1983,193,7.8,91.0,59319,21.5
572,Once,2007,86,7.8,88.0,113305,9.44
573,A Streetcar Named Desire,1951,122,8.0,97.0,103856,8.0
574,The Best Offer,2013,131,7.8,49.0,112957,0.09
575,The Name of the Rose,1986,130,7.7,54.0,105001,7.15
576,Lucky Number Slevin,2006,110,7.7,53.0,305486,22.49
577,Togo,2019,113,8.0,69.0,42788,
578,Bonnie and Clyde,1967,111,7.8,86.0,107897,
579,I Am Sam,2001,132,7.6,28.0,146481,40.31
580,Network,1976,121,8.1,83.0,151934,
581,Open Your Eyes,1997,119,7.7,,67204,0.37
582,Paddington 2,2017,103,7.8,88.0,67493,40.44
583,Ed Wood,1994,127,7.8,70.0,170417,5.89
584,Cabaret,1972,124,7.8,80.0,51764,42.77
585,In a Lonely Place,1950,94,8.0,,28895,
586,Strangers on a Train,1951,101,8.0,88.0,129024,7.63
587,Cinderella Man,2005,144,8.0,69.0,180988,61.65
588,Shoplifters,2018,121,7.9,93.0,69337,3.31
589,The Artist,2011,100,7.9,89.0,235593,44.67
590,Key Largo,1948,100,7.8,,38786,
591,October Sky,1999,108,7.8,71.0,86593,32.48
592,Days of Heaven,1978,94,7.8,93.0,55358,
593,Night of the Living Dead,1968,96,7.9,89.0,121378,0.09
594,Persona,1966,83,8.1,86.0,110155,
595,Andhadhun,2018,139,8.2,,82030,1.37
596,Star Trek II: The Wrath of Khan,1982,113,7.7,67.0,116187,78.91
597,Let the Right One In,2008,114,7.9,82.0,209912,2.12
598,Klaus,2019,96,8.2,65.0,118877,
599,Finding Neverland,2004,106,7.7,67.0,202228,51.68
600,Rebecca,1940,130,8.1,86.0,130709,4.36
601,On the Waterfront,1954,108,8.1,91.0,148061,9.6
602,Paths of Glory,1957,88,8.4,90.0,186616,
603,Nosferatu,1922,94,7.9,,92058,
604,How to Train Your Dragon 2,2014,102,7.8,76.0,316312,177.0
605,Rio Bravo,1959,141,8.0,93.0,58884,12.54
606,From Here to Eternity,1953,118,7.6,85.0,45087,30.5
607,Anatomy of a Murder,1959,161,8.0,95.0,62922,11.9
608,Nausicaä of the Valley of the Wind,1984,117,8.1,86.0,159371,0.5
609,The Bridges of Madison County,1995,135,7.6,69.0,76672,71.52
610,Love's a Bitch,2000,154,8.1,83.0,231615,5.38
611,Malcolm X,1992,202,7.7,73.0,89772,48.17
612,Cowboy Bebop: The Movie,2001,115,7.9,61.0,44975,1.0
613,Mother,2009,129,7.8,79.0,58058,0.55
614,Baahubali: The Beginning,2015,159,8.0,,108239,6.74
615,Solaris,1972,167,8.1,90.0,86467,
616,The Remains of the Day,1993,134,7.8,86.0,69718,22.95
617,Happiness,1998,134,7.7,81.0,68247,2.81
618,The Bridge on the River Kwai,1957,161,8.1,87.0,210795,44.91
619,Detachment,2011,98,7.7,52.0,80374,0.07
620,Paprika,2006,90,7.7,81.0,76269,0.88
621,The Body,2012,112,7.6,,61529,
622,Sabrina,1954,113,7.7,72.0,61891,
623,High Noon,1952,85,8.0,89.0,100597,9.45
624,Kelly's Heroes,1970,144,7.6,50.0,47166,1.38
625,Escape from Alcatraz,1979,112,7.6,76.0,126845,43.0
626,Kramer vs. Kramer,1979,105,7.8,77.0,138724,106.26
627,All the President's Men,1976,138,8.0,84.0,109150,70.6
628,Where Eagles Dare,1968,158,7.6,63.0,55337,
629,The King of Comedy,1982,109,7.8,73.0,95971,2.5
630,The Wind Rises,2013,126,7.8,83.0,78702,5.21
631,God's Own Country,2017,104,7.7,85.0,27776,0.34
632,Gangs of Wasseypur,2012,321,8.2,89.0,89324,
633,8½,1963,138,8.0,91.0,113216,0.05
634,Three Colors: Red,1994,99,8.1,100.0,97446,4.04
635,The Third Man,1949,93,8.1,97.0,164810,0.45
636,Castle in the Sky,1986,125,8.0,78.0,156978,
637,The Searchers,1956,119,7.9,94.0,85059,
638,Double Indemnity,1944,107,8.3,95.0,149609,5.72
639,Like Stars on Earth,2007,165,8.4,,180098,1.22
640,Miller's Crossing,1990,115,7.7,66.0,130693,5.08
641,The Raid 2,2014,150,8.0,71.0,118302,2.63
642,Roman Holiday,1953,118,8.0,78.0,133077,
643,Notorious,1946,102,8.0,100.0,97055,10.46
644,Mirror,1975,107,8.1,80.0,43110,0.18
645,Mary and Max,2009,92,8.1,,170121,
646,"Spring, Summer, Fall, Winter... and Spring",2003,103,8.0,85.0,80090,2.38
647,Wings of Desire,1987,128,8.0,79.0,67795,3.33
648,The Man Who Shot Liberty Valance,1962,123,8.1,94.0,72320,
649,Fiddler on the Roof,1971,181,8.0,67.0,41268,80.5
650,Rope,1948,80,8.0,73.0,135671,
651,The Treasure of the Sierra Madre,1948,126,8.2,98.0,119316,5.01
652,The Maltese Falcon,1941,100,8.0,96.0,153087,2.11
653,A Little Princess,1995,97,7.7,83.0,33321,10.02
654,The Man from Nowhere,2010,119,7.8,,66004,0.01
655,The Hustler,1961,134,8.0,90.0,78935,8.28
656,Pink Floyd: The Wall,1982,95,8.0,47.0,78419,22.24
657,Drishyam 2,2021,152,8.6,,30494,
658,The Last Emperor,1987,163,7.7,76.0,98367,43.98
659,Ray,2004,152,7.7,73.0,142649,75.33
660,All About Eve,1950,138,8.2,98.0,125575,0.01
661,Modern Times,1936,87,8.5,96.0,228003,0.16
662,Control,2007,122,7.7,78.0,63236,0.87
663,The African Queen,1951,105,7.8,91.0,75742,0.54
664,The Sweet Life,1960,174,8.0,95.0,69720,19.52
665,Philomena,2013,98,7.6,77.0,96872,37.71
666,Chhichhore,2019,143,8.3,,43437,0.9
667,The Great Dictator,1940,125,8.4,,212704,0.29
668,Being There,1979,130,8.0,83.0,69579,30.18
669,The Celebration,1998,105,8.1,82.0,83207,1.65
670,La Vie En Rose,2007,140,7.6,66.0,84746,10.3
671,Three Colors: Blue,1993,94,7.9,85.0,95994,1.32
672,The Killing,1956,84,8.0,91.0,85438,
673,Black Book,2006,145,7.7,71.0,74553,4.4
674,Pride,2014,119,7.8,79.0,54166,
675,25th Hour,2002,135,7.6,68.0,174422,13.06
676,Happy Together,1997,96,7.7,70.0,25510,0.19
677,Rashomon,1950,88,8.2,98.0,159545,0.1
678,Harold and Maude,1971,91,7.9,62.0,74631,
679,Freaks,1932,64,7.9,80.0,43844,
680,Barton Fink,1991,116,7.7,69.0,116789,6.15
681,Rebel Without a Cause,1955,111,7.7,89.0,86716,
682,A Christmas Story,1983,93,7.9,77.0,136746,20.61
683,The Longest Day,1962,178,7.8,75.0,53800,39.1
684,It Happened One Night,1934,105,8.1,87.0,98545,4.36
685,Letters from Iwo Jima,2006,141,7.9,89.0,157830,13.76
686,What Ever Happened to Baby Jane?,1962,134,8.1,75.0,52641,4.05
687,The Taking of Pelham One Two Three,1974,104,7.7,68.0,28617,2.49
688,Giant,1956,201,7.6,84.0,36984,
689,Me and Earl and the Dying Girl,2015,105,7.7,74.0,127011,6.74
690,The Chaser,2008,125,7.8,64.0,61876,
691,Withnail & I,1987,107,7.6,84.0,42062,1.54
692,Dancer in the Dark,2000,140,8.0,61.0,105743,4.18
693,Watership Down,1978,91,7.6,64.0,35089,
694,"South Park: Bigger, Longer & Uncut",1999,81,7.7,73.0,198034,52.04
695,Amour,2012,127,7.9,94.0,96346,6.74
696,All That Jazz,1979,123,7.9,72.0,29726,37.82
697,Loving Vincent,2017,94,7.8,62.0,53971,6.74
698,The Verdict,1982,129,7.7,77.0,37889,54.0
699,Frankenstein,1931,70,7.8,91.0,68119,
700,King Kong,1933,100,7.9,90.0,82352,10.0
701,Breathless,1960,90,7.8,,76690,0.34
702,My Left Foot,1989,103,7.9,97.0,71089,14.74
703,In the Heat of the Night,1967,110,7.9,75.0,70773,24.38
704,The Quiet Man,1952,129,7.8,,36549,10.55
705,The Big Sleep,1946,114,7.9,,82523,6.54
706,Paper Moon,1973,102,8.1,77.0,44440,30.93
707,Whisper of the Heart,1995,111,7.9,75.0,56618,
708,Run Lola Run,1998,80,7.7,77.0,193627,7.27
709,Belle de Jour,1967,100,7.7,,42242,0.03
710,The Night of the Hunter,1955,92,8.0,99.0,85392,0.65
711,The Man Who Would Be King,1975,129,7.8,91.0,46939,
712,Hamlet,1996,242,7.7,,37059,4.41
713,PK,2014,153,8.1,,171990,10.62
714,Yojimbo,1961,110,8.2,93.0,116833,
715,Kubo and the Two Strings,2016,101,7.8,84.0,122824,48.02
716,K.G.F: Chapter 1,2018,156,8.3,,46993,
717,Manhattan,1979,96,7.9,83.0,136295,45.7
718,The Grapes of Wrath,1940,129,8.1,96.0,89347,0.06
719,Secrets & Lies,1996,136,8.0,91.0,41128,13.42
720,Zindagi Na Milegi Dobara,2011,155,8.2,,72558,3.11
721,The Manchurian Candidate,1962,126,7.9,94.0,73392,
722,Nebraska,2013,115,7.7,87.0,115103,17.65
723,Judgment at Nuremberg,1961,179,8.2,60.0,73485,
724,Bicycle Thieves,1948,89,8.3,,155206,0.33
725,Short Cuts,1993,188,7.7,79.0,43640,6.11
726,Victoria,2015,138,7.6,77.0,55765,
727,Death Note,2006,126,7.6,,29575,
728,Ikiru,1952,143,8.3,,73363,0.06
729,A Prophet,2009,155,7.9,90.0,96114,2.08
730,High and Low,1963,143,8.4,,39281,
731,Dara of Jasenovac,2020,130,8.9,,79016,
732,The Tenant,1976,126,7.7,71.0,41900,1.92
733,The Lion in Winter,1968,134,7.9,,30226,22.28
734,All About My Mother,1999,101,7.9,87.0,92642,8.26
735,East of Eden,1955,118,7.9,72.0,43504,
736,Fantasia,1940,125,7.7,96.0,91680,76.41
737,Good Bye Lenin!,2003,121,7.7,68.0,141475,4.06
738,Perfect Strangers,2016,96,7.8,,60438,
739,A Man Called Ove,2015,116,7.7,70.0,50659,3.36
740,City Lights,1931,87,8.5,99.0,175473,0.02
741,Touch of Evil,1958,95,8.0,99.0,101342,2.24
742,Mysterious Skin,2004,105,7.6,73.0,67472,0.7
743,Talk to Her,2002,112,7.9,86.0,108540,9.28
744,Who's Afraid of Virginia Woolf?,1966,131,8.0,75.0,72643,
745,Delicatessen,1991,99,7.6,66.0,82794,1.79
746,Children of Heaven,1997,89,8.3,77.0,69948,0.93
747,Stagecoach,1939,96,7.9,93.0,46045,
748,Pather Panchali,1955,125,8.5,,28148,0.54
749,"Duck, You Sucker!",1971,138,7.6,77.0,33018,0.7
750,The Motorcycle Diaries,2004,126,7.8,75.0,98991,16.76
751,The Double Life of Véronique,1991,98,7.8,86.0,45191,2.0
752,Zulu,1964,138,7.7,77.0,37605,
753,The Day the Earth Stood Still,1951,92,7.7,,79421,
754,Once Were Warriors,1994,102,7.9,77.0,32739,2.2
755,Breaking the Waves,1996,159,7.8,76.0,64577,4.04
756,The Day of the Jackal,1973,143,7.8,80.0,39063,16.06
757,Dead Man's Shoes,2004,90,7.6,52.0,51504,0.01
758,The Lady Vanishes,1938,96,7.8,98.0,49993,
759,Invasion of the Body Snatchers,1956,80,7.7,92.0,46886,
760,Wild Strawberries,1957,91,8.2,88.0,101775,
761,To Have and Have Not,1944,100,7.8,90.0,32657,
762,Hard Boiled,1992,128,7.8,,48518,
763,Waking Life,2001,99,7.8,83.0,62332,2.89
764,Lilya 4-Ever,2002,109,7.8,82.0,44126,0.18
765,The Philadelphia Story,1940,112,7.9,96.0,66104,
766,The Bride of Frankenstein,1935,75,7.8,95.0,45510,4.36
767,The Station Agent,2003,89,7.6,81.0,68848,5.74
768,"Aguirre, the Wrath of God",1972,95,7.9,,54647,
769,A Man for All Seasons,1966,120,7.7,72.0,33141,28.35
770,Scarface,1932,93,7.8,87.0,26679,
771,The Cabinet of Dr. Caligari,1920,67,8.1,,60107,
772,The Muppet Movie,1979,95,7.6,74.0,34365,76.66
773,The Vanishing,1988,107,7.7,,36824,
774,A Very Long Engagement,2004,133,7.6,76.0,72200,6.17
775,Le Samouraï,1967,101,8.1,,48218,0.04
776,The Salesman,2016,124,7.7,85.0,55985,2.4
777,The 400 Blows,1959,99,8.1,,111030,
778,Hedwig and the Angry Inch,2001,95,7.7,85.0,34377,3.03
779,Hannah and Her Sisters,1986,107,7.9,90.0,69318,40.08
780,Porco Rosso,1992,94,7.7,83.0,82865,
781,The Odd Couple,1968,105,7.7,86.0,33216,44.53
782,When Marnie Was There,2014,103,7.7,72.0,36169,0.77
783,Inherit the Wind,1960,128,8.1,75.0,28905,
784,Fantastic Planet,1973,72,7.8,73.0,27953,0.19
785,The Adventures of Robin Hood,1938,102,7.9,97.0,49059,3.98
786,Peeping Tom,1960,101,7.7,,33245,0.08
787,Night on Earth,1991,129,7.7,68.0,57798,2.02
788,Andrei Rublev,1969,205,8.1,,50583,0.1
789,The White Ribbon,2009,144,7.8,82.0,70943,2.22
790,The Legend of 1900,1998,169,8.1,58.0,61360,0.26
791,Badla,2019,118,7.8,,25255,
792,Red River,1948,133,7.8,,29612,
793,Tokyo Story,1953,136,8.2,,57287,
794,Stalag 17,1953,120,8.0,84.0,53934,
795,Land of Mine,2015,100,7.8,75.0,38326,0.44
796,Underground,1995,167,8.1,79.0,56848,0.17
797,The Kid,1921,68,8.3,,119737,5.45
798,Repulsion,1965,105,7.7,91.0,50960,
799,Adam's Apples,2005,94,7.8,51.0,48045,0.0
800,Song of the Sea,2014,93,8.1,85.0,55056,0.86
801,Mr. Smith Goes to Washington,1939,129,8.1,73.0,111116,9.6
802,A Hard Day's Night,1964,87,7.6,96.0,43120,13.78
803,The Sacrifice,1986,149,8.0,,26474,0.3
804,Leviathan,2014,140,7.6,92.0,51334,1.09
805,The Conformist,1970,113,8.0,100.0,28837,0.54
806,Raazi,2018,138,7.8,,27808,
807,3-Iron,2004,88,8.0,72.0,52820,0.24
808,The Diving Bell and the Butterfly,2007,112,8.0,92.0,105507,5.99
809,Shine,1996,105,7.7,87.0,52786,35.81
810,Cat on a Hot Tin Roof,1958,108,8.0,84.0,47256,17.57
811,Ayla: The Daughter of War,2017,125,8.4,,36907,
812,Drishyam,2015,163,8.2,,76512,0.74
813,Ace in the Hole,1951,111,8.1,72.0,33696,3.97
814,Wait Until Dark,1967,108,7.8,81.0,29121,17.55
815,Shadow of a Doubt,1943,108,7.8,94.0,62444,
816,Amarcord,1973,123,7.9,,41614,0.58
817,The Wave,2008,107,7.6,,105606,
818,Elite Squad,2007,115,8.0,33.0,100546,0.01
819,Fitzcarraldo,1982,158,8.1,,33248,
820,Rififi,1955,118,8.1,97.0,32340,0.06
821,Cape Fear,1962,106,7.7,76.0,27704,
822,Three Colors: White,1994,92,7.6,88.0,69302,1.46
823,All Quiet on the Western Front,1930,152,8.1,91.0,59257,3.27
824,Eyes Without a Face,1960,90,7.7,90.0,29329,0.05
825,The Innocents,1961,100,7.8,88.0,28423,2.62
826,The World's Fastest Indian,2005,127,7.8,68.0,53285,5.13
827,The Tale of The Princess Kaguya,2013,137,8.0,89.0,42188,1.51
828,Gilda,1946,110,7.6,,30817,
829,Nights of Cabiria,1957,110,8.1,,45739,0.75
830,Frost/Nixon,2008,122,7.7,80.0,105671,18.59
831,Confessions,2010,106,7.7,,37248,
832,The Battle of Algiers,1966,121,8.1,96.0,56557,0.06
833,Arsenic and Old Lace,1943,118,8.0,,68345,
834,His Girl Friday,1940,92,7.9,,55980,0.3
835,Bringing Up Baby,1938,102,7.9,91.0,58839,
836,The Message,1976,177,8.2,,45641,
837,Out of the Past,1947,97,8.0,,34882,
838,Bajrangi Bhaijaan,2015,163,8.0,,80668,8.18
839,The Wages of Fear,1953,131,8.1,85.0,57974,
840,Wolf Children,2012,117,8.1,71.0,41517,
841,Persepolis,2007,96,8.0,90.0,91533,4.45
842,The Secret of Kells,2009,75,7.6,81.0,33702,0.69
843,Laura,1944,88,8.0,,44683,4.36
844,The Red Shoes,1948,135,8.1,,32853,10.9
845,Down by Law,1986,107,7.7,75.0,49791,1.44
846,Batman: Mask of the Phantasm,1993,76,7.8,,46427,5.62
847,Cries & Whispers,1972,91,8.1,,32192,1.74
848,The General,1926,67,8.1,,86520,1.03
849,The Little Prince,2015,108,7.7,70.0,59151,1.34
850,Head-On,2004,121,7.9,78.0,52683,
851,Farewell My Concubine,1993,171,8.1,83.0,26565,5.22
852,"I, Daniel Blake",2016,100,7.9,78.0,56862,0.26
853,Darbareye Elly,2009,119,8.0,87.0,49816,0.11
854,The Sea Inside,2004,126,8.0,74.0,79608,2.09
855,Gully Boy,2019,154,8.0,65.0,35559,5.57
856,Ninja Scroll,1993,94,7.9,,35865,
857,The Visitor,2007,104,7.6,79.0,42434,9.42
858,The Gold Rush,1925,95,8.2,,106152,5.45
859,Vikram Vedha,2017,147,8.3,,33303,
860,The Thin Man,1934,91,8.0,86.0,27987,
861,The Umbrellas of Cherbourg,1964,91,7.8,86.0,25461,0.03
862,Taste of Cherry,1997,95,7.8,80.0,27043,0.31
863,Kagemusha,1980,162,8.0,84.0,34069,
864,Diabolique,1955,117,8.1,,63769,
865,The Invisible Man,1933,71,7.7,87.0,32408,
866,Tangerines,2013,87,8.2,73.0,43801,0.14
867,Article 15,2019,130,8.2,,27375,
868,Munna Bhai M.B.B.S.,2003,156,8.1,,77688,
869,Swades,2004,189,8.2,,86875,1.22
870,Kal Ho Naa Ho,2003,186,7.9,54.0,66127,1.79
871,The Return,2003,110,8.0,82.0,44128,0.5
872,My Name Is Khan,2010,165,8.0,50.0,102525,4.02
873,Sunrise,1927,94,8.1,,49365,0.54
874,Winter Sleep,2014,196,8.1,88.0,49271,0.17
875,Ivan's Childhood,1962,95,8.1,,34146,
876,L'Avventura,1960,144,7.9,,28031,
877,Lagaan: Once Upon a Time in India,2001,224,8.1,84.0,109154,0.07
878,The Lunchbox,2013,104,7.8,76.0,53168,4.23
879,Brief Encounter,1945,86,8.0,92.0,37971,
880,La Strada,1954,108,8.0,,60656,
881,M.S. Dhoni: The Untold Story,2016,184,7.9,,47017,1.78
882,Lupin III: The Castle of Cagliostro,1979,102,7.6,72.0,28833,
883,Sleuth,1972,138,8.0,,46343,4.08
884,Loveless,2017,127,7.6,86.0,31551,0.57
885,Nobody Knows,2004,141,8.1,88.0,26273,0.68
886,The Ladykillers,1955,91,7.7,91.0,28068,
887,Lifeboat,1944,97,7.6,78.0,27714,
888,Harvey,1950,104,7.9,,54052,
889,"Black Cat, White Cat",1998,127,8.1,73.0,52338,0.35
890,Interstate 60: Episodes of the Road,2002,116,7.7,,31055,
891,Evil,2003,113,7.8,61.0,36663,0.02
892,To Be or Not to Be,1942,99,8.2,86.0,33467,
893,Crimes and Misdemeanors,1989,104,7.9,77.0,56394,18.25
894,The Experiment,2001,120,7.7,60.0,92300,0.14
895,My Sassy Girl,2001,137,8.0,,46727,
896,Rockstar,2011,159,7.7,,41815,0.99
897,Baahubali 2: The Conclusion,2017,167,8.2,,80800,20.19
898,The Hidden Fortress,1958,126,8.1,,37118,
899,Tokyo Godfathers,2003,92,7.8,73.0,34251,0.13
900,The Bandit,1996,128,8.2,,67470,
901,Only Yesterday,1991,118,7.6,90.0,29416,0.45
902,After the Wedding,2006,120,7.7,78.0,33489,0.41
903,The Killer,1989,111,7.8,82.0,47028,
904,Battleship Potemkin,1925,66,8.0,97.0,55314,0.05
905,Dil Chahta Hai,2001,183,8.1,,69545,0.3
906,Throne of Blood,1957,110,8.1,,49543,
907,The Passion of Joan of Arc,1928,114,8.1,,51126,0.02
908,Queen,2013,146,8.2,,62884,1.43
909,Baby,2015,159,8.0,,55181,
910,Pink,2016,136,8.1,,42206,1.24
911,The Discreet Charm of the Bourgeoisie,1972,102,7.9,93.0,40826,0.2
912,The Broken Circle Breakdown,2012,111,7.7,70.0,40325,0.18
913,Departures,2008,130,8.1,68.0,50204,1.5
914,Hera Pheri,2000,156,8.2,,61847,
915,The Girl Who Leapt Through Time,2006,98,7.7,,63029,
916,My Father and My Son,2005,112,8.3,,82849,
917,"4 Months, 3 Weeks and 2 Days",2007,113,7.9,97.0,58424,1.19
918,In America,2002,105,7.7,76.0,42415,15.54
919,Miracle on 34th Street,1947,96,7.9,88.0,44041,2.65
920,Millennium Actress,2001,87,7.9,70.0,25439,0.19
921,The Caine Mutiny,1954,124,7.7,63.0,26668,21.75
922,The Exterminating Angel,1962,95,8.1,,31644,
923,Badhaai Ho,2018,124,8.0,,30962,
924,Jules and Jim,1962,105,7.8,97.0,39476,
925,Time of the Gypsies,1988,142,8.2,,29338,0.28
926,In a Better World,2010,118,7.6,65.0,39348,1.01
927,Talvar,2015,132,8.2,,33213,0.34
928,Sweet Smell of Success,1957,96,8.0,100.0,29940,
929,Raise the Red Lantern,1991,125,8.1,,31104,2.6
930,Vivre Sa Vie,1962,85,8.0,,29894,
931,Celda 211,2009,113,7.6,,65664,
932,Once Upon a Time in Anatolia,2011,157,7.9,82.0,44306,0.14
933,The Past,2013,130,7.7,85.0,47241,1.33
934,Rang De Basanti,2006,167,8.1,,116321,2.2
935,Joint Security Area,2000,110,7.8,58.0,28224,
936,Dilwale Dulhania Le Jayenge,1995,181,8.1,,66290,
937,Masaan,2015,109,8.2,,25736,
938,The Lost Weekend,1945,101,7.9,,35311,9.46
939,Bhaag Milkha Bhaag,2013,186,8.2,,64593,1.63
940,The Postman,1994,108,7.7,81.0,35006,21.85
941,Kahaani,2012,122,8.1,,60230,1.04
942,Au Revoir les Enfants,1987,104,8.0,88.0,32528,4.54
943,Vampire Hunter D: Bloodlust,2000,103,7.7,62.0,30444,0.15
944,No Man's Land,2001,98,7.9,84.0,45999,1.06
945,Airlift,2016,130,8.0,,54953,
946,The Triplets of Belleville,2003,80,7.8,91.0,53129,7.0
947,The Shop Around the Corner,1940,99,8.1,96.0,30046,0.2
948,Fireworks,1997,103,7.8,,29144,0.23
949,G.O.R.A.,2004,127,8.0,,59547,
950,Hindi Medium,2017,132,7.9,,25822,
951,The Chorus,2004,97,7.9,56.0,59393,3.64
952,The Magdalene Sisters,2002,114,7.7,83.0,26638,4.89
953,The Purple Rose of Cairo,1985,82,7.7,75.0,49908,10.63
954,Special 26,2013,144,8.0,,53593,1.08
955,Waltz with Bashir,2008,90,8.0,91.0,56527,2.28
956,Haider,2014,160,8.1,,52196,0.9
957,Duck Soup,1933,69,7.8,93.0,58612,
958,Jab We Met,2007,138,7.9,,50075,0.41
959,Sherlock Jr.,1924,45,8.2,,45664,0.98
960,Udaan,2010,134,8.2,,43842,0.01
961,Nine Queens,2000,114,7.9,80.0,51243,1.22
962,The Virgin Spring,1960,89,8.1,,27930,1.53
963,Joyeux Noel,2005,116,7.7,70.0,28666,1.05
964,Drishyam,2013,160,8.3,,37988,
965,Barfi!,2012,151,8.1,,78637,2.8
966,Elite Squad 2: The Enemy Within,2010,115,8.0,71.0,80965,0.1
967,La Grande Illusion,1937,113,8.1,,35229,0.17
968,Hiroshima Mon Amour,1959,90,7.9,,30008,0.09
969,Veer-Zaara,2004,192,7.8,67.0,50996,2.92
970,Love and Death,1975,85,7.7,89.0,37366,
971,Sholay,1975,162,8.2,,53535,
972,Tae Guk Gi: The Brotherhood of War,2004,140,8.0,64.0,38748,1.11
973,Sanjuro,1962,96,8.1,,36502,
974,A Night at the Opera,1935,96,7.9,,31753,2.54
975,Kind Hearts and Coronets,1949,106,8.0,,36056,
976,The Muppet Christmas Carol,1992,85,7.7,64.0,51776,27.28
977,A Wednesday,2008,104,8.1,,76247,
978,Central Station,1998,110,8.0,80.0,38001,5.6
979,Zelig,1983,79,7.7,,41044,11.8
980,Black,2005,122,8.2,,34157,0.73
981,English Vinglish,2012,134,7.8,,34943,1.67
982,The Rules of the Game,1939,110,8.0,,27853,
983,Le Dîner de Cons,1998,80,7.7,73.0,39977,4.07
984,Udta Punjab,2016,148,7.8,,28711,
985,Andaz Apna Apna,1994,160,8.1,,51645,
986,Knockin' on Heaven's Door,1997,87,7.9,,28862,0.0
987,Dev.D,2009,144,8.0,,29760,0.01
988,Vizontele,2001,110,8.0,,35121,
989,Chak De! India,2007,153,8.2,68.0,77311,1.11
990,The Edge of Heaven,2007,122,7.8,85.0,31498,0.74
991,OMG: Oh My God!,2012,125,8.1,,54929,0.92
992,C.R.A.Z.Y.,2005,129,7.9,81.0,32019,
993,The Circus,1928,72,8.1,90.0,32117,
994,Paan Singh Tomar,2012,135,8.2,,34853,0.04
995,Anand,1971,122,8.2,,32720,
996,Kai Po Che,2013,120,7.8,40.0,35227,1.12
997,Vicky Donor,2012,126,7.8,,41430,0.17
998,The Breath,2009,128,8.0,,32733,
999,"Carry On, Munna Bhai",2006,144,8.0,,45173,2.22
